"chr","pos","gene","ref","alt","major","minor","purity"
"chr1",15909356,"SPEN",35,81,2,0,1
"chr1",27966837,"XKR8",35,15,2,0,1
"chr1",28743150,"YTHDF2",39,31,2,0,1
"chr1",35853555,"AGO4",35,8,2,0,1
"chr1",40463009,"ZFP69B",110,8,2,0,1
"chr1",45004662,"HECTD3",87,15,2,0,1
"chr1",111415257,"OVGP1",18,45,2,0,1
"chr1",156244772,"PAQR6",34,22,2,0,1
"chr1",162367174,"NOS1AP",42,34,2,0,1
"chr1",165411049,"RXRG",38,39,2,0,1
"chr1",167126922,"DUSP27",3,2,2,0,1
"chr1",171588418,"PRRC2C",70,49,2,0,1
"chr1",206771042,"IL10",75,39,2,0,1
"chr1",216247049,"USH2A",36,18,2,0,1
"chr1",217620477,"GPATCH2",98,73,2,0,1
"chr2",20255251,"PUM2",56,23,2,0,1
"chr2",27069637,"AGBL5",56,11,2,0,1
"chr2",38582079,"HNRNPLL",21,17,2,0,1
"chr2",44202020,"PPM1B",84,35,2,0,1
"chr2",44202037,"PPM1B",115,6,2,0,1
"chr2",54916855,"EML6",77,40,2,0,1
"chr2",71423539,"ZNF638",43,28,2,0,1
"chr2",121451839,"CLASP1",108,7,2,0,1
"chr2",176109044,"HOXD11",84,24,2,0,1
"chr2",177231191,"NFE2L2",69,103,2,0,1
"chr2",178545548,"TTN",68,86,2,0,1
"chr2",178704747,"TTN",38,23,2,0,1
"chr2",178869254,"CCDC141",16,3,2,0,1
"chr2",178869255,"CCDC141",16,3,2,0,1
"chr2",181900857,"ITPRID2",53,56,2,0,1
"chr2",189011647,"COL3A1",62,28,2,0,1
"chr2",189457374,"WDR75",54,17,2,0,1
"chr2",195934722,"DNAH7",64,25,2,0,1
"chr2",231460177,"NCL",87,32,2,0,1
"chr2",231460716,"NCL",96,49,2,0,1
"chr2",240520469,"ANKMY1",24,27,1,1,1
"chr3",45968644,"FYCO1",20,50,2,0,1
"chr3",46995386,"NBEAL2",12,16,2,0,1
"chr3",48592363,"COL7A1",11,41,2,0,1
"chr3",50565626,"C3orf18",20,33,2,0,1
"chr3",62499257,"CADPS",28,55,2,0,1
"chr3",88140651,"ZNF654",46,10,2,0,1
"chr3",107378357,"CCDC54",13,23,2,0,1
"chr3",111118830,"NECTIN3",58,31,2,0,1
"chr3",118930249,"IGSF11",40,19,2,0,1
"chr3",138162230,"DBR1",34,21,2,0,1
"chr3",186619901,"AHSG",99,5,2,0,1
"chr4",56478611,"SRP72",71,56,1,0,1
"chr4",99613093,"MTTP",61,39,1,0,1
"chr5",149041447,"SH3TC2",22,41,1,0,1
"chr5",150121943,"PDGFRB",12,20,1,0,1
"chr5",175683330,"HRH2",23,70,1,0,1
"chr6",75188424,"COL12A1",53,34,2,0,1
"chr6",158069548,"SYNJ2",60,29,2,0,1
"chr7",35202498,"TBX20",27,7,2,0,1
"chr7",128030150,"LRRC4",47,7,2,0,1
"chr7",149792110,"SSPO",63,21,2,0,1
"chr7",150466848,"GIMAP8",72,18,2,0,1
"chr8",10622658,"RP1L1",47,30,3,0,1
"chr8",11853387,"CTSB",56,5,3,0,1
"chr8",23260271,"CHMP7",25,13,3,0,1
"chr8",67259840,"ARFGEF1",49,46,3,0,1
"chr8",85448077,"CA3",31,83,3,0,1
"chr8",124064436,"FER1L6",46,18,3,0,1
"chr8",125018149,"SQLE",117,18,3,0,1
"chr9",5747436,"RIC1",62,71,2,0,1
"chr9",70827975,"TRPM3",61,4,2,0,1
"chr9",94760120,"AOPEP",99,6,2,0,1
"chr10",11328978,"CELF2",18,50,2,0,1
"chr10",20868720,"NEBL",52,80,2,0,1
"chr10",68691046,"TET1",46,23,2,0,1
"chr10",73519928,"USP54",56,17,2,0,1
"chr10",90748980,"HTR7",97,35,2,0,1
"chr10",94441940,"TBC1D12",40,33,2,0,1
"chr10",98209326,"R3HCC1L",81,44,2,0,1
"chr10",99612548,"SLC25A28",71,56,2,0,1
"chr11",45870498,"CRY2",43,43,2,0,1
"chr11",60507042,"MS4A12",68,8,2,0,1
"chr11",93371131,"DEUP1",89,49,2,0,1
"chr11",125917180,"DDX25",107,4,2,0,1
"chr12",27689154,"PPFIBP1",59,30,2,0,1
"chr12",31101081,"DDX11",113,66,2,0,1
"chr12",48768664,"ADCY6",19,34,2,0,1
"chr12",66444693,"GRIP1",32,51,2,0,1
"chr12",70635767,"PTPRB",56,31,2,0,1
"chr12",70635769,"PTPRB",56,31,2,0,1
"chr12",80368288,"OTOGL",64,41,2,0,1
"chr12",95300317,"VEZT",24,24,2,0,1
"chr12",103943270,"HSP90B1",55,53,2,0,1
"chr12",107543987,"BTBD11",62,37,2,0,1
"chr12",112911229,"OAS1",15,12,2,0,1
"chr12",128705529,"TMEM132C",31,12,2,0,1
"chr12",129074554,"TMEM132D",10,3,2,0,1
"chr13",31138830,"HSPH1",101,27,1,0,1
"chr13",32443699,"N4BP2L2",159,9,1,0,1
"chr13",71630575,"DACH1",50,6,1,0,1
"chr13",72776035,"DIS3",24,63,1,0,1
"chr13",102741401,"CCDC168",62,6,1,0,1
"chr14",34774409,"BAZ1A",40,62,1,0,1
"chr15",63259687,"RAB8B",76,22,2,0,1
"chr15",73563235,"NPTN",52,10,2,0,1
"chr15",86247848,"AGBL1",87,5,2,0,1
"chr16",1564114,"IFT140",56,4,2,0,1
"chr16",3249673,"MEFV",51,36,2,0,1
"chr16",20421371,"ACSM5",55,27,2,0,1
"chr16",66909291,"CDH16",25,17,2,0,1
"chr16",67961702,"SLC12A4",106,4,2,0,1
"chr17",7673717,"TP53",16,13,2,0,1
"chr17",11883704,"DNAH9",50,65,2,0,1
"chr17",12752516,"MYOCD",61,39,2,0,1
"chr17",59389445,"YPEL2",21,16,2,0,1
"chr17",75499334,"TMEM94",62,45,2,0,1
"chr17",81200353,"CEP131",26,13,2,0,1
"chr18",74353297,"C18orf63",65,8,2,0,1
"chr19",4159759,"CREB3L3",16,17,2,0,1
"chr19",16800066,"NWD1",84,28,2,0,1
"chr19",17567478,"COLGALT1",67,25,2,0,1
"chr19",44066200,"ZNF223",51,27,2,0,1
"chr19",53267311,"VN1R4",55,31,2,0,1
"chr19",53577558,"ZNF331",28,39,2,0,1
"chr20",19886711,"RIN2",71,34,2,0,1
"chr20",49647037,"B4GALT5",84,25,2,0,1
"chr22",21923283,"PPM1F",68,34,2,0,1
"chr22",28107115,"TTC28",99,61,2,0,1
"chr22",50080398,"MLC1",14,29,1,1,1
"chrX",13662520,"TCEANC",66,7,1,0,1
"chrX",15459684,"PIR",28,30,1,0,1
